enabled,conditionText,iconClass,rainText
false,,,預料未來兩三小時澳門可能受雷雨區影響，請市民留意天氣變化。
false,,,預料未來兩小時澳門將可能受雷雨區影響，請市民留意天氣變化。
false,,,預料未來一兩小時澳門將可能受雷雨區影響，請市民留意天氣變化。
false,,,短期內澳門將受雷雨區影響，請市民留意天氣變化。
false,,,現時本澳附近仍有雷雨區發展，請市民留意天氣變化。

false,,,預料一股弱冷空氣今晚會抵達粵北，並逐漸向南壓，由於前期高溫天氣積累較多熱能，假期及週末（10月2-3日）有雷雨發展可能性。


false,天晴,icon/weather_icon/sun.png,
false,天晴,icon/weather_icon/moon.png,
false,大致天晴,icon/weather_icon/sun.png,
true,大致天晴,icon/weather_icon/moon.png,
false,天色明朗,icon/weather_icon/partly-sun-day.png,
false,天色明朗,icon/weather_icon/partly-sun-night.png,
false,多雲,icon/weather_icon/cloud.png,
false,霧,icon/weather_icon/fog.png,

false,短暫時間多雲,icon/weather_icon/partly-sun-day.png,
false,短暫時間多雲,icon/weather_icon/partly-sun-night.png,
false,部份時間多雲,icon/weather_icon/partly-cloud-day.png,
false,部份時間多雲,icon/weather_icon/partly-cloud-night.png,

false,微雨,icon/weather_icon/cloud-drizzle.png,
false,驟雨,icon/weather_icon/cloud-rain.png,
false,雷雨,icon/weather_icon/thunder-rain.png,
