category,time,name,lat,lon,wind
past,2026-10-05 08:00,諾洛(2628),24.8,179.4,185
past,2026-10-05 14:00,諾洛(2628),25.2,178.2,175
past,2026-10-05 20:00,諾洛(2628),25.6,176.3,165
past,2026-10-06 02:00,諾洛(2628),25.8,174.7,165
past,2026-10-06 08:00,諾洛(2628),25.7,173.0,165
past,2026-10-06 14:00,諾洛(2628),25.6,171.1,155
past,2026-10-06 20:00,諾洛(2628),25.4,169.1,145
past,2026-10-07 02:00,諾洛(2628),25.3,166.4,140
past,2026-10-07 08:00,諾洛(2628),25.3,164.0,130
past,2026-10-07 14:00,諾洛(2628),25.9,162.0,120
past,2026-10-07 20:00,諾洛(2628),25.8,160.3,110
past,2026-10-08 02:00,諾洛(2628),25.9,157.8,105
past,2026-10-08 08:00,諾洛(2628),26.9,156.0,90
past,2026-10-08 14:00,諾洛(2628),27.4,154.1,90
past,2026-10-08 20:00,諾洛(2628),27.6,152.7,85
past,2026-10-09 02:00,諾洛(2628),27.8,151.1,85
past,2026-10-09 08:00,諾洛(2628),28.2,149.8,85
past,2026-10-09 14:00,諾洛(2628),28.8,148.7,85
past,2026-10-09 20:00,諾洛(2628),29.4,147.8,85
past,2026-10-10 02:00,諾洛(2628),30.0,147.2,85
past,2026-10-10 08:00,諾洛(2628),30.6,146.8,85
past,2026-10-10 14:00,諾洛(2628),30.9,146.2,75
current,2026-10-10 20:00,諾洛(2628),31.0,145.6,65
12H,2026-10-11 08:00,諾洛(2628),32.3,146.5,55
24H,2026-10-11 20:00,諾洛(2628),33.6,147.4,Ex
