category,type,start,end,duration
W,寒冷警報,2026-01-01 13:20,2026-01-04 01:20,60:00
W,寒冷警報,2026-01-05 16:20,2026-01-10 22:20,126:00
W,寒冷警報,2026-01-20 13:20,2026-01-24 10:20,93:00
W,寒冷警報,2026-01-31 16:40,2026-02-01 23:40,31:00
W,寒冷警報,2026-02-07 13:40,2026-02-09 08:40,43:00
W,大雨警報,2026-03-02 19:00,2026-03-02 20:00,01:00
W,大雨警報,2026-03-02 21:00,2026-03-02 22:00,01:00
W,大雨警報,2026-03-03 22:00,2026-03-03 23:00,01:00
W,大雨警報,2026-03-03 23:15,2026-03-04 00:15,01:00
W,大雨警報,2026-03-04 02:20,2026-03-04 03:20,01:00
W,大雨警報,2026-03-30 09:40,2026-03-30 10:40,01:00
W,大雨警報,2026-04-04 10:40,2026-04-04 12:20,01:40
W,大雨警報,2026-04-17 16:35,2026-04-17 16:40,00:05
W,暴雨警報,2026-04-17 16:40,2026-04-17 18:00,01:20
W,大雨警報,2026-04-24 01:05,2026-04-24 02:25,01:20
W,大雨警報,2026-04-29 00:45,2026-04-29 02:45,02:00
W,大雨警報,2026-05-03 14:00,2026-05-03 16:30,02:30
W,大雨警報,2026-05-09 03:50,2026-05-09 06:20,02:30
W,酷熱警報,2026-05-13 12:25,2026-05-13 16:25,04:00
W,大雨警報,2026-05-17 20:00,2026-05-17 21:00,01:00
W,大雨警報,2026-05-19 07:20,2026-05-19 08:20,01:00
W,大雨警報,2026-05-21 05:20,2026-05-21 08:20,03:00
W,大雨警報,2026-05-21 23:35,2026-05-22 01:15,01:40
W,酷熱警報,2026-05-25 08:20,2026-05-28 13:00,76:40
W,非常酷熱警報,2026-05-28 13:00,2026-05-29 19:20,30:20
W,酷熱警報,2026-05-30 12:00,2026-05-31 07:00,19:00
W,大雨警報,2026-05-31 05:20,2026-05-31 06:25,01:05
W,暴雨警報,2026-05-31 06:25,2026-05-31 07:25,01:00
W,大雨警報,2026-05-31 07:25,2026-05-31 08:00,00:35
W,酷熱警報,2026-06-01 08:20,2026-06-04 12:30,76:10
W,非常酷熱警報,2026-06-04 12:30,2026-06-05 16:20,27:50
W,酷熱警報,2026-06-05 16:20,2026-06-06 10:20,18:00
W,大雨警報,2026-06-05 17:35,2026-06-05 19:35,02:00
W,大雨警報,2026-06-06 18:20,2026-06-06 19:20,01:00
W,大雨警報,2026-06-07 13:30,2026-06-07 13:40,00:10
W,暴雨警報,2026-06-07 13:40,2026-06-07 14:20,00:40
W,大雨警報,2026-06-07 14:20,2026-06-07 14:40,00:20
W,大雨警報,2026-06-08 10:35,2026-06-08 11:45,01:10
W,大雨警報,2026-06-08 15:00,2026-06-08 16:30,01:30
W,大雨警報,2026-06-08 18:50,2026-06-08 20:20,01:30
W,大雨警報,2026-06-13 03:10,2026-06-13 04:30,01:20
W,暴雨警報,2026-06-13 04:30,2026-06-13 06:00,01:30
W,大雨警報,2026-06-13 06:00,2026-06-13 06:40,00:40
W,大雨警報,2026-06-14 23:00,2026-06-15 00:30,01:30
W,大雨警報,2026-06-15 00:42,2026-06-15 01:02,00:20
W,大雨警報,2026-06-17 13:55,2026-06-17 16:55,03:00
W,大雨警報,2026-06-18 01:30,2026-06-18 04:10,02:40
W,大雨警報,2026-06-18 17:25,2026-06-18 18:05,00:40
W,酷熱警報,2026-06-20 08:20,2026-06-26 12:20,148:00
W,大雨警報,2026-06-26 10:45,2026-06-26 10:55,00:10
W,暴雨警報,2026-06-26 10:55,2026-06-26 12:25,01:30
W,大雨警報,2026-06-29 02:10,2026-06-29 03:30,01:20
W,酷熱警報,2026-06-30 13:20,2026-07-02 18:20,53:00
W,戒備警報,2026-07-02 02:20,2026-07-03 11:20,33:00
W,風暴潮觀察警報,2026-07-02 08:20,2026-07-04 12:20,52:00
W,大雨警報,2026-07-03 11:10,2026-07-03 11:50,00:40
W,強風警報,2026-07-03 11:20,2026-07-04 17:20,30:00
W,大雨警報,2026-07-03 14:10,2026-07-03 15:10,01:00
W,大雨警報,2026-07-04 06:50,2026-07-04 07:30,00:40
W,大雨警報,2026-07-04 13:10,2026-07-04 13:20,00:10
W,暴雨警報,2026-07-04 13:20,2026-07-04 14:20,01:00
W,戒備警報,2026-07-04 17:20,2026-07-04 23:20,06:00
W,大雨警報,2026-07-05 06:05,2026-07-05 06:45,00:40
W,大雨警報,2026-07-06 05:20,2026-07-06 06:10,00:50
W,大雨警報,2026-07-06 18:10,2026-07-06 19:10,01:00
W,大雨警報,2026-07-07 02:40,2026-07-07 04:10,01:30
W,大雨警報,2026-07-07 08:40,2026-07-07 10:20,01:40
W,大雨警報,2026-07-07 12:10,2026-07-07 14:10,02:00
W,大雨警報,2026-07-07 15:40,2026-07-07 16:10,00:30
W,大雨警報,2026-07-07 18:15,2026-07-07 18:40,00:25
W,暴雨警報,2026-07-07 18:40,2026-07-07 19:40,01:00
W,大雨警報,2026-07-07 19:40,2026-07-07 20:20,00:40
W,酷熱警報,2026-07-10 08:20,2026-07-12 11:50,51:30
W,非常酷熱警報,2026-07-12 11:50,2026-07-13 08:20,20:30
W,酷熱警報,2026-07-13 08:20,2026-07-13 16:20,08:00
W,注意警報,2026-07-13 22:20,2026-07-14 10:40,12:20
W,戒備警報,2026-07-14 10:40,2026-07-14 16:40,06:00
W,大雨警報,2026-07-15 14:15,2026-07-15 14:55,00:40
W,大雨警報,2026-07-16 03:45,2026-07-16 04:15,00:30
W,大雨警報,2026-07-16 08:40,2026-07-16 13:00,04:20
W,大雨警報,2026-07-17 09:05,2026-07-17 12:45,03:40
W,暴雨警報,2026-07-18 04:05,2026-07-18 05:15,01:10
W,大雨警報,2026-07-18 09:05,2026-07-18 10:35,01:30
W,大雨警報,2026-07-20 06:20,2026-07-20 07:00,00:40
W,暴雨警報,2026-07-20 07:00,2026-07-20 08:00,01:00
W,大雨警報,2026-07-20 08:00,2026-07-20 09:05,01:05
W,暴雨警報,2026-07-20 09:05,2026-07-20 10:25,01:20
W,大雨警報,2026-07-20 10:25,2026-07-20 11:05,00:40
W,大雨警報,2026-07-21 12:40,2026-07-21 14:00,01:20
W,酷熱警報,2026-07-22 11:20,2026-07-25 12:50,73:30
W,注意警報,2026-07-24 08:20,2026-07-24 22:20,14:00
W,戒備警報,2026-07-24 22:20,2026-07-25 17:20,19:00
W,非常酷熱警報,2026-07-25 12:50,2026-07-25 17:50,05:00
W,強風警報,2026-07-25 17:20,2026-07-26 07:20,14:00
W,大雨警報,2026-07-25 17:30,2026-07-25 18:20,00:50
W,西南烈風警報,2026-07-26 07:20,2026-07-26 16:20,09:00
W,大雨警報,2026-07-26 14:00,2026-07-26 17:30,03:30
W,大雨警報,2026-07-26 05:20,2026-07-26 05:30,00:10
W,暴雨警報,2026-07-26 05:30,2026-07-26 09:00,03:30
W,大雨警報,2026-07-26 09:00,2026-07-26 09:40,00:40
W,大雨警報,2026-07-29 11:50,2026-07-29 12:30,00:40
W,大雨警報,2026-07-29 16:00,2026-07-29 18:15,02:15
W,暴雨警報,2026-07-29 18:15,2026-07-29 19:55,01:40
W,大雨警報,2026-07-31 06:00,2026-07-31 06:20,00:20
W,暴雨警報,2026-07-31 06:20,2026-07-31 07:20,01:00
W,大雨警報,2026-07-31 07:20,2026-07-31 08:00,00:40
W,大雨警報,2026-08-01 15:50,2026-08-01 16:20,00:30
W,大雨警報,2026-08-02 17:40,2026-08-02 19:40,02:00
W,大雨警報,2026-08-02 20:15,2026-08-03 05:15,09:00
W,酷熱警報,2026-08-05 13:00,2026-08-08 08:20,67:20
W,非常酷熱警報,2026-08-08 08:20,2026-08-09 13:20,29:00
W,極為酷熱警報,2026-08-09 13:20,2026-08-10 17:20,28:00
W,非常酷熱警報,2026-08-10 17:20,2026-08-13 18:20,73:00
W,大雨警報,2026-08-15 00:45,2026-08-15 01:15,00:30
W,大雨警報,2026-08-15 06:45,2026-08-15 07:15,00:30
W,酷熱警報,2026-08-15 13:00,2026-08-20 11:20,118:20
W,強風警報,2026-08-19 21:20,2026-08-20 13:20,16:00
W,酷熱警報,2026-08-22 08:20,2026-08-25 18:20,82:00
W,戒備警報,2026-08-25 02:20,2026-08-26 14:20,36:00
W,大雨警報,2026-08-27 11:38,2026-08-27 12:08,00:30
W,酷熱警報,2026-08-28 12:45,2026-08-28 18:45,06:00
W,大雨警報,2026-08-28 18:12,2026-08-28 19:52,01:40
W,酷熱警報,2026-08-29 08:20,2026-08-29 13:40,05:20
W,大雨警報,2026-08-29 12:45,2026-08-29 14:45,02:00
W,大雨警報,2026-08-30 14:45,2026-08-30 15:35,00:50
W,注意警報,2026-08-31 11:40,2026-08-31 19:40,08:00
W,戒備警報,2026-08-31 19:40,2026-09-01 13:20,17:40
category,type,start,end,duration
T,低温預警提示,2026-01-01 00:00,2026-01-11 09:20,249:20
T,黃色大風提示,2026-01-01 18:20,2026-01-02 16:20,22:00
T,火災危險提示,2026-01-05 17:20,2026-01-11 20:20,147:00
T,黃色大風提示,2026-01-05 20:20,2026-01-06 13:20,17:00
T,黃色大風提示,2026-01-07 08:20,2026-01-07 12:40,04:20
T,黃色大風提示,2026-01-08 09:15,2026-01-08 12:55,03:40
T,低温預警提示,2026-01-12 01:20,2026-01-13 09:20,32:00
T,火災危險提示,2026-01-13 13:00,2026-01-13 18:20,05:20
T,空氣質量提示,2026-01-13 20:10,2026-01-14 18:10,22:00
T,低温預警提示,2026-01-14 03:40,2026-01-14 09:20,05:40
T,火災危險提示,2026-01-17 13:00,2026-01-18 18:40,29:40
T,低温預警提示,2026-01-19 22:20,2026-01-24 12:20,110:00
T,黃色大風提示,2026-01-19 23:40,2026-01-20 13:10,13:30
T,空氣質量提示,2026-01-27 20:00,2026-01-28 11:00,15:00
T,低温預警提示,2026-01-30 17:20,2026-02-02 02:20,57:00
T,黃色大風提示,2026-01-31 23:50,2026-02-01 11:50,12:00
T,低温預警提示,2026-02-02 20:30,2026-02-03 08:30,12:00
T,低温預警提示,2026-02-06 13:20,2026-02-09 09:20,68:00
T,黃色大風提示,2026-02-08 01:40,2026-02-08 13:40,12:00
T,黃色大風提示,2026-02-23 12:50,2026-02-23 16:50,04:00
T,黃色大風提示,2026-02-28 08:20,2026-02-28 20:20,12:00
T,黃色大風提示,2026-03-01 01:50,2026-03-01 13:10,11:20
T,低温預警提示,2026-03-02 13:20,2026-03-04 09:20,44:00
T,黃色大風提示,2026-03-02 19:00,2026-03-02 20:00,01:00
T,黃色大風提示,2026-03-07 16:20,2026-03-08 09:20,17:00
T,低温預警提示,2026-03-09 13:20,2026-03-10 13:20,24:00
T,黃色大風提示,2026-03-12 18:20,2026-03-13 12:20,18:00
T,低温預警提示,2026-03-13 00:20,2026-03-13 11:20,11:00
T,黃色大風提示,2026-03-13 15:50,2026-03-14 08:50,17:00
T,黃色大風提示,2026-03-30 09:00,2026-03-30 09:50,00:50
T,橙色大風提示,2026-03-30 09:50,2026-03-30 10:50,01:00
T,黃色大風提示,2026-04-02 10:00,2026-04-03 01:40,15:40
T,黃色大風提示,2026-04-03 13:20,2026-04-03 18:40,05:20
T,黃色大風提示,2026-04-06 12:20,2026-04-07 03:20,15:00
T,黃色大風提示,2026-04-08 05:00,2026-04-08 20:00,15:00
T,黃色大風提示,2026-04-17 15:25,2026-04-17 15:55,00:30
T,黃色大風提示,2026-04-17 16:35,2026-04-17 18:05,01:30
T,黃色大風提示,2026-04-29 00:30,2026-04-29 01:15,00:45
T,橙色大風提示,2026-04-29 01:15,2026-04-29 02:05,00:50
T,黃色大風提示,2026-04-29 02:05,2026-04-29 02:45,00:40
T,黃色大風提示,2026-04-29 11:10,2026-04-29 12:20,01:10
T,黃色大風提示,2026-05-03 13:30,2026-05-03 16:30,03:00
T,黃色大風提示,2026-05-15 11:30,2026-05-15 12:20,00:50
T,黃色大風提示,2026-05-15 18:05,2026-05-15 18:35,00:30
T,黃色大風提示,2026-05-16 04:30,2026-05-17 13:00,32:30
T,黃色大風提示,2026-05-17 17:15,2026-05-18 11:55,18:40
T,黃色大風提示,2026-05-18 14:05,2026-05-18 18:15,04:10
T,黃色大風提示,2026-05-22 00:30,2026-05-22 01:00,00:30
T,高温預警提示,2026-05-23 19:20,2026-06-06 10:20,327:00
T,黃色大風提示,2026-05-29 21:40,2026-05-29 22:40,01:00
T,黃色大風提示,2026-06-05 17:40,2026-06-05 19:20,01:40
T,黃色大風提示,2026-06-06 08:50,2026-06-06 09:00,00:10
T,橙色大風提示,2026-06-06 09:00,2026-06-06 09:30,00:30
T,黃色大風提示,2026-06-06 18:15,2026-06-06 19:30,01:15
T,豪雨特別報告,2026-06-07 13:40,2026-06-09 05:20,39:40
T,黃色大風提示,2026-06-08 18:10,2026-06-08 19:30,01:20
T,橙色大風提示,2026-06-08 19:30,2026-06-08 20:00,00:30
T,豪雨特別報告,2026-06-13 04:20,2026-06-19 10:20,150:00
T,黃色大風提示,2026-06-13 12:35,2026-06-13 13:05,00:30
T,橙色大風提示,2026-06-13 13:05,2026-06-13 13:45,00:40
T,黃色大風提示,2026-06-14 09:30,2026-06-14 16:20,06:50
T,黃色大風提示,2026-06-17 13:50,2026-06-17 15:50,02:00
T,高温預警提示,2026-06-19 08:20,2026-06-26 12:20,172:00
T,高温預警提示,2026-06-29 12:20,2026-07-03 11:20,95:00
T,豪雨特別報告,2026-07-04 13:20,2026-07-08 23:20,106:00
T,黃色大風提示,2026-07-05 05:25,2026-07-05 22:25,17:00
T,黃色大風提示,2026-07-06 04:10,2026-07-06 06:10,02:00
T,黃色大風提示,2026-07-06 14:20,2026-07-06 19:20,05:00
T,黃色大風提示,2026-07-07 03:10,2026-07-07 04:00,00:50
T,橙色大風提示,2026-07-07 08:30,2026-07-07 09:30,01:00
T,黃色大風提示,2026-07-07 16:50,2026-07-07 18:50,02:00
T,黃色大風提示,2026-07-08 13:35,2026-07-08 14:15,00:40
T,高温預警提示,2026-07-09 16:20,2026-07-14 05:20,109:00
T,黃色大風提示,2026-07-15 05:25,2026-07-15 05:55,00:30
T,豪雨特別報告,2026-07-16 08:40,2026-07-17 14:40,30:00
T,黃色大風提示,2026-07-16 08:40,2026-07-16 09:20,00:40
T,黃色大風提示,2026-07-20 07:30,2026-07-20 08:10,00:40
T,豪雨特別報告,2026-07-20 09:00,2026-07-21 15:00,30:00
T,黃色大風提示,2026-07-20 09:30,2026-07-20 10:20,00:50
T,高温預警提示,2026-07-21 20:20,2026-07-25 17:20,93:00
T,豪雨特別報告,2026-07-27 06:00,2026-07-28 12:00,30:00
T,黃色大風提示,2026-07-27 07:20,2026-07-27 08:00,00:40
T,黃色大風提示,2026-07-29 07:40,2026-07-29 10:10,02:30
T,豪雨特別報告,2026-07-29 18:20,2026-07-30 18:20,24:00
T,豪雨特別報告,2026-07-31 13:20,2026-08-02 13:20,48:00
T,黃色大風提示,2026-08-01 19:10,2026-08-01 20:10,01:00
T,豪雨特別報告,2026-08-03 00:20,2026-08-04 00:20,24:00
T,高温預警提示,2026-08-04 12:40,2026-08-14 09:40,237:00
T,黃色大風提示,2026-08-18 22:00,2026-08-18 23:40,01:40
T,黃色大風提示,2026-08-19 00:40,2026-08-19 21:20,20:40
T,高温預警提示,2026-09-07 09:00,2026-10-05 17:00,680:00
T,黃色大風提示,2026-09-12 19:00,2026-09-13 14:00,19:00

