日期,日最低氣溫 (°C),日最高氣溫 (°C),日最低相對濕度 (%),日最高相對濕度 (%)
2026-01-01,16.74,23.42,57.59,78.45
2026-01-02,13.15,18.12,44.15,65.2
2026-01-03,10.89,18.98,50.39,67.03
2026-01-04,14.73,21.15,48.42,71.65
2026-01-05,14.08,22.38,44.56,71.69
2026-01-06,11.69,17.84,43.71,66.93
2026-01-07,10.29,17.28,33.25,53.79
2026-01-08,11.74,19.3,24.18,46.87
2026-01-09,12.7,19.66,30.19,44.69
2026-01-10,13.55,21.96,28.86,58.14
2026-01-11,14.79,22.84,28.99,63.23
2026-01-12,15.44,23.12,40.94,74.49
2026-01-13,16.07,24.65,35.66,72.68
2026-01-14,17.08,23.11,48.98,73.84
2026-01-15,17.1,25.76,41.35,77.4
2026-01-16,17.49,25.36,41.02,76.47
2026-01-17,18.24,26.87,38.91,75.18
2026-01-18,18.63,24.76,50.94,79.57
2026-01-19,17.88,24.72,58.88,84.67
2026-01-20,17.46,22.25,60.42,79.33
2026-01-21,13.42,17.56,56.0,72.97
2026-01-22,10.7,15.34,53.42,67.15
2026-01-23,9.98,15.08,57.65,68.89
2026-01-24,11.74,22.49,53.98,82.6
2026-01-25,15.52,22.48,61.71,86.17
2026-01-26,17.67,25.21,57.13,83.47
2026-01-27,19.14,26.11,45.5,85.03
2026-01-28,18.49,25.29,54.03,85.06
2026-01-29,17.03,24.17,56.12,79.51
2026-01-30,17.49,20.52,72.45,85.27
2026-01-31,15.53,20.67,67.31,85.57
2026-02-01,13.18,20.32,56.36,75.5
2026-02-02,13.96,21.46,49.69,67.85
2026-02-03,16.59,22.95,56.44,79.04
2026-02-04,17.75,25.9,55.55,82.27
2026-02-05,18.56,26.02,59.94,87.4
2026-02-06,19.07,28.2,52.3,85.9
2026-02-07,19.25,23.22,60.16,81.61
2026-02-08,15.02,20.02,46.75,74.91
2026-02-09,15.73,20.17,52.48,70.14
2026-02-10,16.97,21.8,65.8,81.04
2026-02-11,18.55,26.53,53.5,81.2
2026-02-12,18.76,23.32,63.73,84.17
2026-02-13,17.91,24.63,60.06,83.15
2026-02-14,18.57,26.46,57.44,87.26
2026-02-15,19.91,27.83,62.99,87.66
2026-02-16,21.86,30.3,55.43,87.6
2026-02-17,19.4,22.28,60.55,88.28
2026-02-18,18.19,24.1,48.88,74.46
2026-02-19,18.66,24.45,58.41,76.78
2026-02-20,18.7,26.94,48.5,77.08
2026-02-21,19.48,26.53,62.12,82.91
2026-02-22,20.29,26.92,57.28,87.01
2026-02-23,20.81,26.34,59.45,88.16
2026-02-24,21.19,27.93,65.37,86.18
2026-02-25,21.35,27.6,66.67,89.2
2026-02-26,21.02,22.59,79.34,89.63
2026-02-27,21.42,23.57,82.61,91.63
2026-02-28,20.01,21.97,87.95,93.69
2026-03-01,20.11,23.37,85.97,92.2
2026-03-02,21.53,24.51,85.68,97.78
2026-03-03,16.15,21.55,75.15,97.64
2026-03-04,14.7,18.49,76.08,96.94
2026-03-05,15.8,22.83,63.63,90.1
2026-03-06,17.12,23.18,53.92,72.49
2026-03-07,18.63,22.22,53.4,77.18
2026-03-08,18.09,24.32,53.36,75.64
2026-03-09,17.97,24.12,55.64,85.83
2026-03-10,16.17,18.57,70.18,87.65
2026-03-11,16.91,24.28,58.16,75.18
2026-03-12,18.08,26.46,50.55,82.09
2026-03-13,17.86,21.63,48.29,70.25
2026-03-14,17.07,24.38,44.07,77.39
2026-03-15,18.93,25.19,59.89,82.45
2026-03-16,19.63,24.52,53.92,82.69
2026-03-17,20.36,26.68,64.96,83.87
2026-03-18,20.59,27.77,59.89,87.89
2026-03-19,21.38,29.22,53.46,85.34
2026-03-20,22.08,24.28,75.37,84.78
2026-03-21,21.8,24.59,74.18,89.44
2026-03-22,21.69,27.31,65.83,84.95
2026-03-23,21.72,28.21,66.96,87.83
2026-03-24,22.21,29.22,67.47,89.51
2026-03-25,22.78,30.15,58.34,90.03
2026-03-26,23.73,29.55,54.03,84.56
2026-03-27,23.84,28.27,73.95,87.56
2026-03-28,23.93,27.48,78.63,90.88
2026-03-29,23.57,25.55,70.8,87.43
2026-03-30,21.35,27.15,69.59,94.43
2026-03-31,24.39,29.31,72.87,87.02
2026-04-01,21.19,27.05,59.15,85.86
2026-04-02,23.91,25.74,79.85,88.61
2026-04-03,24.46,28.35,65.32,89.97
2026-04-04,22.89,28.12,77.65,94.97
2026-04-05,23.48,25.35,85.07,91.87
2026-04-06,25.46,29.01,78.77,91.36
2026-04-07,25.83,29.11,81.45,91.45
2026-04-08,24.35,26.63,82.75,89.63
2026-04-09,24.72,28.73,75.93,91.66
2026-04-10,25.29,29.36,71.69,86.4
2026-04-11,26.31,29.49,68.91,83.24
2026-04-12,25.87,29.38,66.64,86.74
2026-04-13,25.94,29.07,68.2,85.86
2026-04-14,25.77,29.47,72.89,87.57
2026-04-15,25.87,30.55,70.42,85.31
2026-04-16,25.65,30.01,70.2,85.69
2026-04-17,22.14,29.53,65.87,96.02
2026-04-18,22.52,30.3,63.42,89.34
2026-04-19,24.27,30.86,60.17,86.08
2026-04-20,25.48,30.28,71.52,83.46
2026-04-21,25.97,30.97,63.8,84.68
2026-04-22,25.69,30.52,63.34,79.5
2026-04-23,21.6,30.17,70.85,89.18
2026-04-24,17.81,22.24,78.55,95.12
2026-04-25,19.46,26.69,63.63,87.8
2026-04-26,23.22,27.49,64.46,84.86
2026-04-27,24.48,27.96,71.87,83.07
2026-04-28,25.04,30.01,74.55,85.37
2026-04-29,22.63,28.46,69.98,93.71
2026-04-30,20.43,25.45,52.92,79.83
2026-05-01,22.08,27.9,58.99,79.1
2026-05-02,24.6,27.05,80.17,86.44
2026-05-03,22.84,32.29,65.99,95.22
2026-05-04,22.5,25.91,64.83,91.0
2026-05-05,21.5,22.91,85.07,92.04
2026-05-06,22.39,26.27,76.04,90.34
2026-05-07,24.22,29.42,72.33,87.51
2026-05-08,24.97,30.83,69.58,87.25
2026-05-09,23.78,26.7,78.23,93.56
2026-05-10,24.06,26.73,74.26,84.03
2026-05-11,24.15,29.79,67.76,85.06
2026-05-12,25.21,31.8,66.74,87.38
2026-05-13,26.31,32.23,65.35,86.74
2026-05-14,26.23,28.63,80.93,88.63
2026-05-15,25.15,28.69,82.52,91.7
2026-05-16,24.9,26.41,83.64,89.39
2026-05-17,24.04,26.01,82.39,93.37
2026-05-18,24.55,27.87,80.62,92.46
2026-05-19,25.06,27.73,84.58,94.37
2026-05-20,26.01,29.66,81.33,92.79
2026-05-21,25.65,28.33,89.32,94.41
2026-05-22,25.07,31.64,74.22,95.55
2026-05-23,27.87,31.48,75.43,85.58
2026-05-24,28.39,32.39,72.15,85.69
2026-05-25,28.52,32.88,70.13,81.97
2026-05-26,29.06,32.85,70.24,84.61
2026-05-27,29.0,33.64,67.49,83.95
2026-05-28,28.79,34.53,63.35,85.03
2026-05-29,28.6,35.7,58.35,83.75
2026-05-30,28.93,31.7,67.11,76.06
2026-05-31,25.6,32.07,72.78,92.59
2026-06-01,28.2,32.58,68.01,81.33
2026-06-02,28.65,33.97,65.81,80.77
2026-06-03,29.11,33.78,65.8,81.31
2026-06-04,29.16,35.5,58.0,78.73
2026-06-05,28.6,35.41,66.59,81.21
2026-06-06,24.9,30.92,78.13,96.16
2026-06-07,25.42,31.3,78.9,96.37
2026-06-08,25.39,30.87,78.62,96.6
2026-06-09,25.62,27.66,72.99,84.6
2026-06-10,25.91,29.77,62.1,73.67
2026-06-11,26.41,29.83,68.64,78.19
2026-06-12,26.92,29.75,72.35,81.14
2026-06-13,25.87,31.87,77.28,92.68
2026-06-14,27.97,30.27,78.28,88.77
2026-06-15,26.45,31.11,80.72,91.16
2026-06-16,26.25,29.51,82.07,91.47
2026-06-17,24.98,28.17,84.26,95.03
2026-06-18,24.48,28.07,90.17,97.43
2026-06-19,26.6,30.9,80.34,94.92
2026-06-20,28.73,32.26,68.53,86.59
2026-06-21,28.49,32.62,67.16,84.18
2026-06-22,28.33,32.89,66.48,84.07
2026-06-23,28.92,33.54,65.0,84.15
2026-06-24,29.16,33.5,70.77,85.74
2026-06-25,29.35,33.54,71.41,88.8
2026-06-26,26.94,30.39,80.79,90.38
2026-06-27,27.55,30.41,76.93,87.25
2026-06-28,27.1,29.66,82.43,88.11
2026-06-29,25.65,31.14,74.67,93.65
2026-06-30,25.65,32.47,69.26,88.94
2026-07-01,26.98,31.76,71.27,91.72
2026-07-02,26.98,32.07,70.6,88.94
2026-07-03,26.27,31.69,79.38,91.28
2026-07-04,25.79,31.99,77.69,94.55
2026-07-05,26.07,31.82,76.34,93.34
2026-07-06,26.05,32.05,71.1,95.09
2026-07-07,25.01,28.73,85.41,97.44
2026-07-08,26.0,31.99,73.18,98.62
2026-07-09,25.87,32.04,71.24,95.98
2026-07-10,27.96,32.27,70.64,88.68
2026-07-11,28.26,32.59,66.08,86.98
2026-07-12,29.43,35.84,62.3,84.42
2026-07-13,29.55,34.2,66.99,83.24
2026-07-14,26.97,30.2,72.64,88.88
2026-07-15,25.61,29.84,80.22,96.9
2026-07-16,25.32,28.37,87.09,99.45
2026-07-17,25.94,29.62,82.92,98.71
2026-07-18,26.38,30.73,78.19,97.06
2026-07-19,28.57,32.43,70.39,89.18
2026-07-20,24.4,27.64,87.79,98.57
2026-07-21,27.64,32.29,74.18,89.86
2026-07-22,28.23,32.38,69.12,93.05
2026-07-23,28.49,33.21,64.68,84.39
2026-07-24,28.87,33.82,63.64,79.58
2026-07-25,24.92,35.7,54.85,97.74
2026-07-26,25.76,29.42,70.22,93.33
2026-07-27,24.49,28.2,83.53,99.44
2026-07-28,26.65,27.89,84.42,93.15
2026-07-29,24.78,29.91,87.05,100.0
2026-07-30,26.6,30.76,77.01,96.2
2026-07-31,23.52,26.08,88.95,100.0
2026-08-01,25.42,31.2,72.97,96.89
2026-08-02,25.84,29.81,79.4,97.23
2026-08-03,25.44,31.89,72.86,99.13
2026-08-04,26.69,32.39,68.78,92.31
2026-08-05,27.06,33.04,63.51,91.27
2026-08-06,27.73,32.84,64.71,88.66
2026-08-07,28.15,34.31,69.93,86.41
2026-08-08,29.48,36.24,59.14,85.48
2026-08-09,30.9,37.98,50.12,69.36
2026-08-10,31.51,36.28,47.44,63.14
2026-08-11,31.34,35.35,51.16,68.68
2026-08-12,30.73,35.26,58.98,82.73
2026-08-13,30.27,34.81,58.42,83.64
2026-08-14,28.02,31.6,74.52,85.98
2026-08-15,28.19,32.77,69.45,87.46
2026-08-16,28.81,33.68,59.0,88.48
2026-08-17,28.85,34.23,65.63,84.99
2026-08-18,29.05,33.63,66.98,89.57
2026-08-19,28.87,34.65,59.67,84.76
2026-08-20,27.86,31.11,75.54,89.28
2026-08-21,27.07,31.77,72.82,91.32
2026-08-22,27.85,32.33,73.62,92.46
2026-08-23,29.09,34.16,60.39,85.11
2026-08-24,29.13,33.89,61.62,87.15
2026-08-25,29.15,32.85,68.96,87.37
2026-08-26,27.52,29.78,82.71,94.39
2026-08-27,27.54,31.91,77.38,98.44
2026-08-28,28.34,32.74,74.2,91.16
2026-08-29,27.99,34.88,65.06,94.7
2026-08-30,27.2,31.92,78.27,94.01
2026-08-31,25.73,32.39,68.38,97.14
2026-09-01,25.63,29.06,81.29,96.4
2026-09-02,24.96,31.39,57.37,82.78
2026-09-03,26.39,32.29,54.88,69.13
2026-09-04,26.58,32.11,57.59,69.21
2026-09-05,27.14,32.46,61.75,82.1
2026-09-06,26.87,31.49,67.98,83.77
2026-09-07,26.24,32.76,70.34,80.33
2026-09-08,26.87,34.25,63.45,82.14
2026-09-09,27.23,32.62,64.13,83.11
2026-09-10,26.98,31.56,61.11,77.65
2026-09-11,26.87,31.89,60.45,71.14
2026-09-12,26.87,32.67,62.45,76.78
2026-09-13,27.14,31.25,74.24,90.14
2026-09-14,27.45,31.55,73.98,84.56
2026-09-15,27.09,31.01,72.8,89.82
2026-09-16,27.86,32.07,67.31,79.81
2026-09-17,27.19,32.11,66.89,79.08
2026-09-18,27.18,31.52,67.87,76.89
2026-09-19,27.13,31.47,64.54,81.09
2026-09-20,27.86,32.83,58.67,73.71
2026-09-21,27.99,33.27,59.46,77.25
2026-09-22,27.65,32.43,75.65,84.55
2026-09-23,27.54,31.16,73.45,79.08
2026-09-24,27.56,30.48,68.89,77.09
2026-09-25,28.27,31.56,66.13,84.45
2026-09-26,26.14,32.25,68.45,83.56
2026-09-27,27.4,32.67,69.14,86.45
2026-09-28,28.14,33.87,70.14,87.66
2026-09-29,28.11,34.98,69.15,86.45
2026-09-30,28.05,34.45,69.17,86.66
