time,name,lat,lon,wind
2026-08-18 20:00,沙德爾 (2618),7.9,154.9,40
2026-08-19 02:00,沙德爾 (2618),8.3,154.6,40
2026-08-19 08:00,沙德爾 (2618),8.0,154.2,50
2026-08-19 14:00,沙德爾 (2618),8.5,154.1,55
2026-08-19 20:00,沙德爾 (2618),9.4,153.7,55
2026-08-20 02:00,沙德爾 (2618),10.5,152.8,55
2026-08-20 08:00,沙德爾 (2618),11.4,151.6,55
2026-08-20 14:00,沙德爾 (2618),11.9,150.9,55
2026-08-20 20:00,沙德爾 (2618),12.8,150.2,65
2026-08-21 02:00,沙德爾 (2618),13.7,149.6,65
2026-08-21 08:00,沙德爾 (2618),14.7,149.0,75
2026-08-21 14:00,沙德爾 (2618),14.9,148.5,90
2026-08-21 20:00,沙德爾 (2618),16.0,148.1,110
2026-08-22 02:00,沙德爾 (2618),17.1,147.3,130
2026-08-22 08:00,沙德爾 (2618),17.9,146.5,140
2026-08-22 14:00,沙德爾 (2618),18.6,145.8,165
2026-08-22 20:00,沙德爾 (2618),19.6,144.8,175
2026-08-23 02:00,沙德爾 (2618),20.4,143.6,195
2026-08-23 08:00,沙德爾 (2618),21.0,142.3,185
2026-08-23 14:00,沙德爾 (2618),21.9,140.9,185
2026-08-23 20:00,沙德爾 (2618),22.6,139.4,185
2026-08-24 02:00,沙德爾 (2618),23.2,137.9,185
2026-08-24 08:00,沙德爾 (2618),23.9,136.3,185
2026-08-24 14:00,沙德爾 (2618),24.5,134.7,175
2026-08-24 20:00,沙德爾 (2618),24.9,133.5,165
2026-08-25 02:00,沙德爾 (2618),25.6,132.3,155
2026-08-25 08:00,沙德爾 (2618),26.0,131.1,155
2026-08-25 14:00,沙德爾 (2618),26.8,130.1,145
2026-08-25 20:00,沙德爾 (2618),27.2,129.0,140
2026-08-26 02:00,沙德爾 (2618),27.5,128.1,130
2026-08-26 08:00,沙德爾 (2618),27.8,127.3,120
2026-08-26 14:00,沙德爾 (2618),28.3,126.5,130
2026-08-26 20:00,沙德爾 (2618),28.6,125.9,130
2026-08-27 02:00,沙德爾 (2618),28.6,125.3,120
2026-08-27 08:00,沙德爾 (2618),28.5,124.9,120
2026-08-27 14:00,沙德爾 (2618),28.4,124.2,120
2026-08-27 20:00,沙德爾 (2618),28.2,123.4,120
2026-08-28 02:00,沙德爾 (2618),28.1,122.6,105
2026-08-28 08:00,沙德爾 (2618),28.1,121.0,85
2026-08-28 14:00,沙德爾 (2618),27.9,119.3,65
2026-08-28 20:00,沙德爾 (2618),27.7,117.8,50
2026-08-29 02:00,沙德爾 (2618),27.5,116.6,35
2026-08-29 08:00,沙德爾 (2618),26.9,115.6,25
2026-08-29 14:00,沙德爾 (2618),26.0,115.2,25
2026-08-29 20:00,沙德爾 (2618),25.8,114.1,25
2026-08-30 02:00,沙德爾 (2618),25.4,112.6,25
2026-08-30 08:00,沙德爾 (2618),24.1,111.9,25
2026-08-30 14:00,沙德爾 (2618),23.5,111.0,25
2026-08-30 20:00,沙德爾 (2618),22.3,110.5,25
2026-08-31 02:00,沙德爾 (2618),21.0,110.7,25
2026-08-31 08:00,沙德爾 (2618),20.7,110.6,40
2026-08-31 14:00,沙德爾 (2618),19.5,110.2,45
2026-08-31 20:00,沙德爾 (2618),19.3,111.3,45
2026-09-01 02:00,沙德爾 (2618),19.2,112.0,45
2026-09-01 08:00,沙德爾 (2618),19.5,112.9,50
2026-09-01 14:00,沙德爾 (2618),20.0,114.4,50
2026-09-01 20:00,沙德爾 (2618),20.8,115.7,55
2026-09-02 02:00,沙德爾 (2618),21.4,116.3,65
2026-09-02 08:00,沙德爾 (2618),22.1,116.7,65
2026-09-02 14:00,沙德爾 (2618),22.3,117.4,75
2026-09-02 20:00,沙德爾 (2618),22.9,117.9,75
2026-09-03 02:00,沙德爾 (2618),23.4,118.4,85
2026-09-03 08:00,沙德爾 (2618),23.8,117.4,90
2026-09-03 14:00,沙德爾 (2618),24.4,116.3,65
2026-09-03 20:00,沙德爾 (2618),24.6,115.4,45
2026-09-04 02:00,沙德爾 (2618),24.6,114.6,40
